{
  "system": "YODEL_ceramic",
  "equation": "tau0 = M_Y * phi^2 / [phi_max * (phi_max - phi)^2]",
  "M_Y_Pa": 0.12,
  "hf_train_n": 30,
  "test_n": 360,
  "elapsed_s": 6.0,
  "strategies": {
    "A_physics": {
      "label": "A_physics",
      "R2": 0.13194948434829712,
      "MAE": 0.3470262885093689,
      "MAPE": 35.24304962158203,
      "phi_max_fixed": 0.62
    },
    "B_lf_only": {
      "label": "B_lf_only",
      "R2": 0.9767947196960449,
      "MAE": 0.05490192398428917,
      "MAPE": 5.65479040145874,
      "lf_pretrain_R2": 0.9572710394859314
    },
    "C_hf_only": {
      "label": "C_hf_only",
      "R2": 0.6896445751190186,
      "MAE": 0.19239963591098785,
      "MAPE": 21.756362915039062,
      "best_epoch": 312
    },
    "D_mfnn": {
      "label": "D_mfnn",
      "R2": 0.9696471095085144,
      "MAE": 0.05684097483754158,
      "MAPE": 5.704914569854736,
      "best_epoch": 170,
      "lf_pretrain_R2": 0.9572710394859314,
      "freeze_n": 1
    }
  },
  "mf_gain_R2": 0.28,
  "mf_gain_MAPE": -16.1
}